EDISON_domain,competency_id,skill_type,skill_label
DSDA,DSDA01_AnalyticalTechniques,knowledge,text_mining
DSDA,DSDA01_AnalyticalTechniques,knowledge,descriptive_analytics
DSDA,DSDA01_AnalyticalTechniques,knowledge,quantitative_analytics
DSDA,DSDA01_AnalyticalTechniques,knowledge,qualitative_analytics
DSDA,DSDA01_AnalyticalTechniques,knowledge,predictive_analytics
DSDA,DSDA01_AnalyticalTechniques,knowledge,prescriptive_analytics
DSDA,DSDA01_AnalyticalTechniques,knowledge,exploratory_data_analytics
DSDA,DSDA01_AnalyticalTechniques,knowledge,multivariate_analytics
DSDA,DSDA01_AnalyticalTechniques,knowledge,graph_data_analytics
DSDA,DSDA01_AnalyticalTechniques,knowledge,data_mining
DSDA,DSDA01_AnalyticalTechniques,skills_methods,use_data_mining_techniques
DSDA,DSDA01_AnalyticalTechniques,skills_methods,use_text_mining_techniques
DSDA,DSDA01_AnalyticalTechniques,skills_methods,use_descriptive_analytics_methods
DSDA,DSDA01_AnalyticalTechniques,skills_methods,use_quantitative_analytics_methods
DSDA,DSDA01_AnalyticalTechniques,skills_methods,use_qualitative_analytics_methods
DSDA,DSDA01_AnalyticalTechniques,skills_methods,apply_predictive_analytics_methods
DSDA,DSDA01_AnalyticalTechniques,skills_methods,apply_prescriptive_analytics_methods
DSDA,DSDA01_AnalyticalTechniques,skills_methods,use_exploratory_analytics_methods
DSDA,DSDA01_AnalyticalTechniques,skills_methods,use_multivariate_analytics_methods
DSDA,DSDA01_AnalyticalTechniques,skills_methods,use_graph_data_analytics_methods
DSDA,DSDA01_AnalyticalTechniques,skills_tools,analytics_platforms
DSDA,DSDA01_AnalyticalTechniques,skills_tools,spreadsheet_data_analytics
DSDA,DSDA01_AnalyticalTechniques,skills_tools,statistical_analysis_software
DSDA,DSDA01_AnalyticalTechniques,skills_tools,analytics_programming_languages
DSDA,DSDA01_AnalyticalTechniques,skills_tools,data_analytics_programming_languages_and_libraries
DSDA,DSDA01_AnalyticalTechniques,skills_tools,data_mining_tools
DSDA,DSDA01_AnalyticalTechniques,skills_tools,matlab_data_analytics
DSDA,DSDA01_AnalyticalTechniques,skills_tools,analytics_tools
DSDA,DSDA02_QuantitativeTechniques,knowledge,descriptive_analytics
DSDA,DSDA02_QuantitativeTechniques,knowledge,quantitative_analytics
DSDA,DSDA02_QuantitativeTechniques,knowledge,predictive_analytics
DSDA,DSDA02_QuantitativeTechniques,knowledge,prescriptive_analytics
DSDA,DSDA02_QuantitativeTechniques,knowledge,exploratory_data_analytics
DSDA,DSDA02_QuantitativeTechniques,knowledge,multivariate_analytics
DSDA,DSDA02_QuantitativeTechniques,knowledge,graph_data_analytics
DSDA,DSDA02_QuantitativeTechniques,knowledge,data_mining
DSDA,DSDA02_QuantitativeTechniques,knowledge,operations_research
DSDA,DSDA02_QuantitativeTechniques,knowledge,simulation
DSDA,DSDA02_QuantitativeTechniques,knowledge,optimisation
DSDA,DSDA02_QuantitativeTechniques,skills_methods,use_data_mining_techniques
DSDA,DSDA02_QuantitativeTechniques,skills_methods,use_descriptive_analytics_methods
DSDA,DSDA02_QuantitativeTechniques,skills_methods,use_quantitative_analytics_methods
DSDA,DSDA02_QuantitativeTechniques,skills_methods,apply_predictive_analytics_methods
DSDA,DSDA02_QuantitativeTechniques,skills_methods,apply_prescriptive_analytics_methods
DSDA,DSDA02_QuantitativeTechniques,skills_methods,use_exploratory_analytics_methods
DSDA,DSDA02_QuantitativeTechniques,skills_methods,use_multivariate_analytics_methods
DSDA,DSDA02_QuantitativeTechniques,skills_methods,use_graph_data_analytics_methods
DSDA,DSDA02_QuantitativeTechniques,skills_methods,operations_research_methods
DSDA,DSDA02_QuantitativeTechniques,skills_methods,optimisation_methods
DSDA,DSDA02_QuantitativeTechniques,skills_methods,simulation_methods
DSDA,DSDA02_QuantitativeTechniques,skills_methods,use_data_summary_techniques
DSDA,DSDA02_QuantitativeTechniques,skills_methods,use_modelling_and_simulation_technologies
DSDA,DSDA02_QuantitativeTechniques,skills_tools,spreadsheet_data_analytics
DSDA,DSDA02_QuantitativeTechniques,skills_tools,statistical_analysis_software
DSDA,DSDA02_QuantitativeTechniques,skills_tools,analytics_programming_languages
DSDA,DSDA02_QuantitativeTechniques,skills_tools,data_analytics_programming_languages_and_libraries
DSDA,DSDA02_QuantitativeTechniques,skills_tools,data_mining_tools
DSDA,DSDA02_QuantitativeTechniques,skills_tools,matlab_data_analytics
DSDA,DSDA02_QuantitativeTechniques,skills_tools,analytics_tools
DSDA,DSDA03_PerformanceAccuracyMetrics,knowledge,performance_and_accuracy_metrics
DSDA,DSDA03_PerformanceAccuracyMetrics,knowledge,optimisation
DSDA,DSDA03_PerformanceAccuracyMetrics,skills_methods,use_performance_and_accuracy_metrics
DSDA,DSDA03_PerformanceAccuracyMetrics,skills_methods,optimisation_methods
DSDA,DSDA04_VisualisationPresentation,knowledge,user_interface_design_dashboards
DSDA,DSDA04_VisualisationPresentation,knowledge,visualisation_fundamentals
DSDA,DSDA04_VisualisationPresentation,knowledge,presentation_techniques
DSDA,DSDA04_VisualisationPresentation,knowledge,storytelling
DSDA,DSDA04_VisualisationPresentation,knowledge,documentation
DSDA,DSDA04_VisualisationPresentation,skills_methods,collaborate_with_stakeholders
DSDA,DSDA04_VisualisationPresentation,skills_methods,use_visualisation_and_storytelling_methods
DSDA,DSDA04_VisualisationPresentation,skills_methods,present_insights_to_stakeholders
DSDA,DSDA04_VisualisationPresentation,skills_methods,interpret_insights
DSDA,DSDA04_VisualisationPresentation,skills_tools,programming_languages
DSDA,DSDA04_VisualisationPresentation,skills_tools,presentation_tools
DSDA,DSDA04_VisualisationPresentation,skills_tools,documentation_tools
DSDA,DSDA04_VisualisationPresentation,skills_tools,data_visualization_libraries
DSDA,DSDA04_VisualisationPresentation,skills_tools,visualisation_software
DSDA,DSDA04_VisualisationPresentation,skills_tools,online_visualization_tools
DSDA,DSDA05_MachineLearning,knowledge,machine_learning_supervised
DSDA,DSDA05_MachineLearning,knowledge,machine_learning_unsupervised
DSDA,DSDA05_MachineLearning,knowledge,machine_learning_reinforcement
DSDA,DSDA05_MachineLearning,knowledge,machine_learning_semi_supervised
DSDA,DSDA05_MachineLearning,knowledge,deep_learning
DSDA,DSDA05_MachineLearning,knowledge,text_mining
DSDA,DSDA05_MachineLearning,knowledge,machine_learning_model_formats
DSDA,DSDA05_MachineLearning,knowledge,natural_language_processing
DSDA,DSDA05_MachineLearning,knowledge,data_mining
DSDA,DSDA05_MachineLearning,knowledge,sampling
DSDA,DSDA05_MachineLearning,knowledge,feature_extraction
DSDA,DSDA05_MachineLearning,skills_methods,use_machine_learning_technology
DSDA,DSDA05_MachineLearning,skills_methods,use_data_mining_techniques
DSDA,DSDA05_MachineLearning,skills_methods,use_text_mining_techniques
DSDA,DSDA05_MachineLearning,skills_methods,use_deep_learning_techniques
DSDA,DSDA05_MachineLearning,skills_methods,use_sampling_techniques
DSDA,DSDA05_MachineLearning,skills_methods,deploy_machine_learning_models
DSDA,DSDA05_MachineLearning,skills_methods,use_nlp_methods
DSDA,DSDA05_MachineLearning,skills_methods,apply_feature_extraction_techniques
DSDA,DSDA05_MachineLearning,skills_tools,data_analytics_programming_languages_and_libraries
DSDA,DSDA05_MachineLearning,skills_tools,data_mining_tools
DSDA,DSDA05_MachineLearning,skills_tools,machine_learning_technologies
DSDA,DSDA05_MachineLearning,skills_tools,programming_languages
DSENG,DSENG01_DataStorageAndApplication,knowledge,data_management
DSENG,DSENG01_DataStorageAndApplication,knowledge,data_stewardship
DSENG,DSENG01_DataStorageAndApplication,knowledge,data_governance
DSENG,DSENG01_DataStorageAndApplication,knowledge,data_architecture
DSENG,DSENG01_DataStorageAndApplication,knowledge,data_formats_and_structures
DSENG,DSENG01_DataStorageAndApplication,knowledge,systems_engineering_principles
DSENG,DSENG01_DataStorageAndApplication,knowledge,data_storage
DSENG,DSENG01_DataStorageAndApplication,knowledge,experiment_design_modelling_planning
DSENG,DSENG01_DataStorageAndApplication,knowledge,project_management
DSENG,DSENG01_DataStorageAndApplication,skills_methods,apply_data_management_and_governance_principles
DSENG,DSENG01_DataStorageAndApplication,skills_methods,manage_data_storage_systems
DSENG,DSENG01_DataStorageAndApplication,skills_methods,work_with_data_formats_and_structures
DSENG,DSENG01_DataStorageAndApplication,skills_methods,use_systems_engineering_principles
DSENG,DSENG01_DataStorageAndApplication,skills_methods,design_research_experiments
DSENG,DSENG01_DataStorageAndApplication,skills_methods,apply_project_management_workflow
DSENG,DSENG01_DataStorageAndApplication,skills_tools,backup_and_storage_systems
DSENG,DSENG01_DataStorageAndApplication,skills_tools,data_archive_software
DSENG,DSENG02_DataCollectionAndPreparation,knowledge,data_architecture
DSENG,DSENG02_DataCollectionAndPreparation,knowledge,data_curation
DSENG,DSENG02_DataCollectionAndPreparation,knowledge,data_provenance
DSENG,DSENG02_DataCollectionAndPreparation,knowledge,data_formats_and_structures
DSENG,DSENG02_DataCollectionAndPreparation,knowledge,data_wrangling
DSENG,DSENG02_DataCollectionAndPreparation,knowledge,data_collection
DSENG,DSENG02_DataCollectionAndPreparation,skills_methods,apply_analytics_methods_for_preprocessing
DSENG,DSENG02_DataCollectionAndPreparation,skills_methods,extract_data_from_web
DSENG,DSENG02_DataCollectionAndPreparation,skills_methods,work_with_data_formats_and_structures
DSENG,DSENG02_DataCollectionAndPreparation,skills_methods,integrate_data_from_multiple_sources
DSENG,DSENG02_DataCollectionAndPreparation,skills_methods,identify_data_issues
DSENG,DSENG02_DataCollectionAndPreparation,skills_methods,use_data_provenance_principles
DSENG,DSENG02_DataCollectionAndPreparation,skills_methods,use_data_collection_techniques
DSENG,DSENG02_DataCollectionAndPreparation,skills_methods,use_data_wrangling_techniques
DSENG,DSENG02_DataCollectionAndPreparation,skills_methods,prepare_data_for_analysis
DSENG,DSENG02_DataCollectionAndPreparation,skills_tools,data_wrangling_tools
DSENG,DSENG02_DataCollectionAndPreparation,skills_tools,data_analytics_programming_languages_and_libraries
DSENG,DSENG02_DataCollectionAndPreparation,skills_tools,programming_languages
DSENG,DSENG02_DataCollectionAndPreparation,skills_tools,programming_libraries
DSENG,DSENG02_DataCollectionAndPreparation,skills_tools,web_api_access_tools
DSENG,DSENG02_DataCollectionAndPreparation,skills_tools,web_data_collection_tools
DSENG,DSENG03_BigData,knowledge,cloud_computing
DSENG,DSENG03_BigData,knowledge,big_data_technologies
DSENG,DSENG03_BigData,knowledge,big_data_infrastructure_services
DSENG,DSENG03_BigData,skills_methods,use_cloud_computing_technologies
DSENG,DSENG03_BigData,skills_methods,use_cloud_big_data_technologies
DSENG,DSENG03_BigData,skills_methods,use_big_data_infrastructure
DSENG,DSENG03_BigData,skills_methods,use_cloud_data_analytics_platforms
DSENG,DSENG03_BigData,skills_methods,apply_big_data_technologies
DSENG,DSENG03_BigData,skills_tools,hive_query_language
DSENG,DSENG03_BigData,skills_tools,big_data_storage_platforms
DSENG,DSENG03_BigData,skills_tools,distributed_computation_frameworks
DSENG,DSENG03_BigData,skills_tools,big_data_analytics_platforms
DSENG,DSENG03_BigData,skills_tools,hadoop_ecosystem
DSENG,DSENG04_AnalysisApplicationsAndInfrastructures,knowledge,operating_systems
DSENG,DSENG04_AnalysisApplicationsAndInfrastructures,knowledge,information_and_collaboration_systems
DSENG,DSENG04_AnalysisApplicationsAndInfrastructures,skills_methods,use_systems_engineering_principles
DSENG,DSENG04_AnalysisApplicationsAndInfrastructures,skills_methods,use_information_and_collaboration_systems
DSENG,DSENG04_AnalysisApplicationsAndInfrastructures,skills_methods,use_cloud_data_analytics_platforms
DSENG,DSENG04_AnalysisApplicationsAndInfrastructures,skills_tools,big_data_analytics_platforms
DSENG,DSENG04_AnalysisApplicationsAndInfrastructures,skills_tools,real_time_and_streaming_systems
DSENG,DSENG04_AnalysisApplicationsAndInfrastructures,skills_tools,loadbalancing_and_clustering
DSENG,DSENG04_AnalysisApplicationsAndInfrastructures,skills_tools,virtualisation_technologies
DSENG,DSENG04_AnalysisApplicationsAndInfrastructures,skills_tools,containerization_and_orchestration
DSENG,DSENG04_AnalysisApplicationsAndInfrastructures,skills_tools,client_server_operating_systems
DSENG,DSENG05_LargeScaleStorageAndProcessing,knowledge,systems_engineering_principles
DSENG,DSENG05_LargeScaleStorageAndProcessing,knowledge,cloud_computing
DSENG,DSENG05_LargeScaleStorageAndProcessing,knowledge,big_data_technologies
DSENG,DSENG05_LargeScaleStorageAndProcessing,knowledge,big_data_infrastructure_services
DSENG,DSENG05_LargeScaleStorageAndProcessing,knowledge,data_storage
DSENG,DSENG05_LargeScaleStorageAndProcessing,skills_methods,manage_data_storage_systems
DSENG,DSENG05_LargeScaleStorageAndProcessing,skills_methods,use_systems_engineering_principles
DSENG,DSENG05_LargeScaleStorageAndProcessing,skills_methods,use_cloud_computing_technologies
DSENG,DSENG05_LargeScaleStorageAndProcessing,skills_methods,use_cloud_big_data_technologies
DSENG,DSENG05_LargeScaleStorageAndProcessing,skills_methods,use_big_data_infrastructure
DSENG,DSENG05_LargeScaleStorageAndProcessing,skills_methods,apply_parallel_processing
DSENG,DSENG05_LargeScaleStorageAndProcessing,skills_methods,use_cloud_data_analytics_platforms
DSENG,DSENG05_LargeScaleStorageAndProcessing,skills_methods,apply_big_data_technologies
DSENG,DSENG05_LargeScaleStorageAndProcessing,skills_tools,hive_query_language
DSENG,DSENG05_LargeScaleStorageAndProcessing,skills_tools,backup_and_storage_systems
DSENG,DSENG05_LargeScaleStorageAndProcessing,skills_tools,big_data_storage_platforms
DSENG,DSENG05_LargeScaleStorageAndProcessing,skills_tools,distributed_computation_frameworks
DSENG,DSENG05_LargeScaleStorageAndProcessing,skills_tools,big_data_analytics_platforms
DSENG,DSENG05_LargeScaleStorageAndProcessing,skills_tools,hadoop_ecosystem
DSENG,DSENG05_LargeScaleStorageAndProcessing,skills_tools,high_performance_programming_languages
DSENG,DSENG06_DataSecurityMechanisms,knowledge,data_stewardship
DSENG,DSENG06_DataSecurityMechanisms,knowledge,data_governance
DSENG,DSENG06_DataSecurityMechanisms,knowledge,data_curation
DSENG,DSENG06_DataSecurityMechanisms,knowledge,data_protection
DSENG,DSENG06_DataSecurityMechanisms,knowledge,systems_and_data_security
DSENG,DSENG06_DataSecurityMechanisms,knowledge,compliance
DSENG,DSENG06_DataSecurityMechanisms,skills_methods,apply_data_management_and_governance_principles
DSENG,DSENG06_DataSecurityMechanisms,skills_methods,apply_data_curation_and_quality_controls
DSENG,DSENG06_DataSecurityMechanisms,skills_methods,implement_data_protection_mechanisms
DSENG,DSENG06_DataSecurityMechanisms,skills_methods,develop_systems_and_data_security
DSENG,DSENG06_DataSecurityMechanisms,skills_methods,use_compliance_security_models
DSENG,DSENG06_DataSecurityMechanisms,skills_methods,use_cryptographic_methods
DSENG,DSENG06_DataSecurityMechanisms,skills_tools,data_curation_platform
DSENG,DSENG06_DataSecurityMechanisms,skills_tools,security_infrastructure
DSENG,DSENG07_DatabaseManagement,knowledge,data_warehouse_technologies
DSENG,DSENG07_DatabaseManagement,knowledge,data_management
DSENG,DSENG07_DatabaseManagement,knowledge,data_architecture
DSENG,DSENG07_DatabaseManagement,knowledge,metadata
DSENG,DSENG07_DatabaseManagement,knowledge,data_formats_and_structures
DSENG,DSENG07_DatabaseManagement,knowledge,database_management
DSENG,DSENG07_DatabaseManagement,knowledge,data_models
DSENG,DSENG07_DatabaseManagement,skills_methods,use_data_warehouse_technologies
DSENG,DSENG07_DatabaseManagement,skills_methods,manage_data_storage_systems
DSENG,DSENG07_DatabaseManagement,skills_methods,use_metadata_and_standards
DSENG,DSENG07_DatabaseManagement,skills_methods,etl_process_implementation
DSENG,DSENG07_DatabaseManagement,skills_methods,manage_relational_and_nonrelational_databases
DSENG,DSENG07_DatabaseManagement,skills_tools,relational_databases
DSENG,DSENG07_DatabaseManagement,skills_tools,sql
DSENG,DSENG07_DatabaseManagement,skills_tools,data_warehouse_platforms
DSENG,DSENG07_DatabaseManagement,skills_tools,nosql_databases
DSENG,DSENG07_DatabaseManagement,skills_tools,data_modelling_tools
DSENG,DSENG07_DatabaseManagement,skills_tools,data_warehouse_tools
DSDM,DSDM01_DataStrategyAndManagement,knowledge,data_management
DSDM,DSDM01_DataStrategyAndManagement,knowledge,data_stewardship
DSDM,DSDM01_DataStrategyAndManagement,knowledge,data_governance
DSDM,DSDM01_DataStrategyAndManagement,knowledge,data_architecture
DSDM,DSDM01_DataStrategyAndManagement,knowledge,data_strategy
DSDM,DSDM01_DataStrategyAndManagement,knowledge,data_formats_and_structures
DSDM,DSDM01_DataStrategyAndManagement,knowledge,research_data_management
DSDM,DSDM01_DataStrategyAndManagement,skills_methods,apply_data_management_and_governance_principles
DSDM,DSDM01_DataStrategyAndManagement,skills_methods,use_hybrid_data_management_infrastructures
DSDM,DSDM01_DataStrategyAndManagement,skills_methods,work_with_data_formats_and_structures
DSDM,DSDM01_DataStrategyAndManagement,skills_methods,define_data_strategy
DSDM,DSDM01_DataStrategyAndManagement,skills_methods,develop_data_management_plan
DSDM,DSDM02_DataModels,knowledge,data_architecture
DSDM,DSDM02_DataModels,knowledge,metadata
DSDM,DSDM02_DataModels,knowledge,data_formats_and_structures
DSDM,DSDM02_DataModels,knowledge,modelling_and_simulation_theory_and_systems
DSDM,DSDM02_DataModels,knowledge,data_models
DSDM,DSDM02_DataModels,knowledge,model_tuning
DSDM,DSDM02_DataModels,skills_methods,work_with_data_formats_and_structures
DSDM,DSDM02_DataModels,skills_methods,use_metadata_and_pid_registries_and_standards
DSDM,DSDM02_DataModels,skills_methods,use_modelling_and_simulation_technologies
DSDM,DSDM02_DataModels,skills_methods,apply_model_tuning_techniques
DSDM,DSDM02_DataModels,skills_methods,create_data_models
DSDM,DSDM02_DataModels,skills_tools,data_modelling_technologies
DSDM,DSDM02_DataModels,skills_tools,data_curation_platform
DSDM,DSDM02_DataModels,skills_tools,fair_data_management_tools
DSDM,DSDM03_DataSourcesAndIntegration,knowledge,data_architecture
DSDM,DSDM03_DataSourcesAndIntegration,knowledge,data_curation
DSDM,DSDM03_DataSourcesAndIntegration,knowledge,data_provenance
DSDM,DSDM03_DataSourcesAndIntegration,knowledge,data_formats_and_structures
DSDM,DSDM03_DataSourcesAndIntegration,knowledge,data_quality
DSDM,DSDM03_DataSourcesAndIntegration,knowledge,data_sources
DSDM,DSDM03_DataSourcesAndIntegration,knowledge,data_wrangling
DSDM,DSDM03_DataSourcesAndIntegration,skills_methods,identify_new_data_sources
DSDM,DSDM03_DataSourcesAndIntegration,skills_methods,analyse_modern_data_sources
DSDM,DSDM03_DataSourcesAndIntegration,skills_methods,work_with_data_formats_and_structures
DSDM,DSDM03_DataSourcesAndIntegration,skills_methods,apply_data_curation_and_quality_controls
DSDM,DSDM03_DataSourcesAndIntegration,skills_methods,integrate_data_from_multiple_sources
DSDM,DSDM03_DataSourcesAndIntegration,skills_methods,identify_data_issues
DSDM,DSDM03_DataSourcesAndIntegration,skills_methods,use_data_provenance_principles
DSDM,DSDM03_DataSourcesAndIntegration,skills_methods,use_data_wrangling_techniques
DSDM,DSDM03_DataSourcesAndIntegration,skills_methods,prepare_data_for_analysis
DSDM,DSDM03_DataSourcesAndIntegration,skills_tools,data_wrangling_tools
DSDM,DSDM04_DataHandling,knowledge,data_lifecycle
DSDM,DSDM04_DataHandling,knowledge,data_provenance
DSDM,DSDM04_DataHandling,knowledge,open_data_principles
DSDM,DSDM04_DataHandling,skills_methods,implement_data_lifecycle_support
DSDM,DSDM04_DataHandling,skills_methods,adhere_to_open_science_and_open_data_principles
DSDM,DSDM04_DataHandling,skills_methods,use_data_provenance_principles
DSDM,DSDM04_DataHandling,skills_tools,data_archive_software
DSDM,DSDM05_DataQuality,knowledge,data_stewardship
DSDM,DSDM05_DataQuality,knowledge,data_governance
DSDM,DSDM05_DataQuality,knowledge,data_curation
DSDM,DSDM05_DataQuality,knowledge,data_protection
DSDM,DSDM05_DataQuality,knowledge,metadata
DSDM,DSDM05_DataQuality,knowledge,data_provenance
DSDM,DSDM05_DataQuality,knowledge,data_quality
DSDM,DSDM05_DataQuality,knowledge,compliance
DSDM,DSDM05_DataQuality,skills_methods,apply_data_management_and_governance_principles
DSDM,DSDM05_DataQuality,skills_methods,apply_data_curation_and_quality_controls
DSDM,DSDM05_DataQuality,skills_methods,implement_data_protection_mechanisms
DSDM,DSDM05_DataQuality,skills_methods,use_metadata_and_pid_registries_and_standards
DSDM,DSDM05_DataQuality,skills_methods,identify_data_issues
DSDM,DSDM05_DataQuality,skills_methods,use_data_provenance_principles
DSDM,DSDM05_DataQuality,skills_methods,use_compliance_security_models
DSDM,DSDM05_DataQuality,skills_tools,data_curation_platform
DSDM,DSDM05_DataQuality,skills_tools,backup_and_storage_systems
DSDM,DSDM05_DataQuality,skills_tools,fair_data_management_tools
DSDM,DSDM06_DataProtectionAndPrivacy,knowledge,data_governance
DSDM,DSDM06_DataProtectionAndPrivacy,knowledge,data_protection
DSDM,DSDM06_DataProtectionAndPrivacy,knowledge,ethics
DSDM,DSDM06_DataProtectionAndPrivacy,knowledge,anonymisation_privacy_ipr
DSDM,DSDM06_DataProtectionAndPrivacy,knowledge,bias
DSDM,DSDM06_DataProtectionAndPrivacy,knowledge,compliance
DSDM,DSDM06_DataProtectionAndPrivacy,skills_methods,apply_data_management_and_governance_principles
DSDM,DSDM06_DataProtectionAndPrivacy,skills_methods,implement_data_protection_mechanisms
DSDM,DSDM06_DataProtectionAndPrivacy,skills_methods,consider_ethical_concerns
DSDM,DSDM06_DataProtectionAndPrivacy,skills_methods,mitigate_analytical_bias
DSDM,DSDM06_DataProtectionAndPrivacy,skills_methods,apply_anonymisation_and_privacy_methods
DSDM,DSDM06_DataProtectionAndPrivacy,skills_methods,use_compliance_security_models
DSDM,DSDM06_DataProtectionAndPrivacy,skills_methods,use_cryptographic_methods
DSDM,DSDM06_DataProtectionAndPrivacy,skills_tools,backup_and_storage_systems
DSDM,DSDM06_DataProtectionAndPrivacy,skills_tools,security_infrastructure
DSRM,DSRM01_ResearchMethods,knowledge,systems_engineering_principles
DSRM,DSRM01_ResearchMethods,knowledge,research_methods
DSRM,DSRM01_ResearchMethods,knowledge,experiment_design_modelling_planning
DSRM,DSRM01_ResearchMethods,knowledge,open_science_principles
DSRM,DSRM01_ResearchMethods,knowledge,research_data_management
DSRM,DSRM01_ResearchMethods,knowledge,documentation
DSRM,DSRM01_ResearchMethods,knowledge,experimental_reproducibility
DSRM,DSRM01_ResearchMethods,skills_methods,adhere_to_open_science_principles
DSRM,DSRM01_ResearchMethods,skills_methods,use_systems_engineering_principles
DSRM,DSRM01_ResearchMethods,skills_methods,use_research_method_principles
DSRM,DSRM01_ResearchMethods,skills_methods,design_research_experiment
DSRM,DSRM01_ResearchMethods,skills_methods,develop_data_management_plan
DSRM,DSRM01_ResearchMethods,skills_methods,deliver_reproducible_results
DSRM,DSRM01_ResearchMethods,skills_methods,interpret_insights
DSRM,DSRM01_ResearchMethods,skills_methods,identify_research_problems
DSRM,DSRM01_ResearchMethods,skills_methods,contribute_to_development
DSRM,DSRM01_ResearchMethods,skills_methods,formulate_hypothesis
DSRM,DSRM01_ResearchMethods,skills_tools,version_control_platforms
DSRM,DSRM01_ResearchMethods,skills_tools,documentation_tools
DSRM,DSRM02_UnderstandingObservableFacts,knowledge,business_use_case_analysis
DSRM,DSRM02_UnderstandingObservableFacts,knowledge,key_performance_indicators
DSRM,DSRM02_UnderstandingObservableFacts,knowledge,organisational_workflow
DSRM,DSRM02_UnderstandingObservableFacts,knowledge,data_quality
DSRM,DSRM02_UnderstandingObservableFacts,knowledge,research_use_case_analysis
DSRM,DSRM02_UnderstandingObservableFacts,skills_methods,apply_business_use_case_analysis
DSRM,DSRM02_UnderstandingObservableFacts,skills_methods,collaborate_with_stakeholders
DSRM,DSRM02_UnderstandingObservableFacts,skills_methods,measure_kpis
DSRM,DSRM02_UnderstandingObservableFacts,skills_methods,define_organisational_goals
DSRM,DSRM02_UnderstandingObservableFacts,skills_methods,identify_data_issues
DSRM,DSRM02_UnderstandingObservableFacts,skills_methods,apply_research_use_case_analysis
DSRM,DSRM02_UnderstandingObservableFacts,skills_methods,interpret_insights
DSRM,DSRM02_UnderstandingObservableFacts,skills_methods,identify_research_problems
DSRM,DSRM02_UnderstandingObservableFacts,skills_methods,formulate_hypothesis
DSRM,DSRM03_DataScienceAndResearchProcessModels,knowledge,business_use_case_analysis
DSRM,DSRM03_DataScienceAndResearchProcessModels,knowledge,key_performance_indicators
DSRM,DSRM03_DataScienceAndResearchProcessModels,knowledge,data_science_process_models
DSRM,DSRM03_DataScienceAndResearchProcessModels,knowledge,organisational_workflow
DSRM,DSRM03_DataScienceAndResearchProcessModels,knowledge,data_lifecycle
DSRM,DSRM03_DataScienceAndResearchProcessModels,knowledge,research_methods
DSRM,DSRM03_DataScienceAndResearchProcessModels,knowledge,research_use_case_analysis
DSRM,DSRM03_DataScienceAndResearchProcessModels,skills_methods,apply_business_use_case_analysis
DSRM,DSRM03_DataScienceAndResearchProcessModels,skills_methods,collaborate_with_stakeholders
DSRM,DSRM03_DataScienceAndResearchProcessModels,skills_methods,measure_kpis
DSRM,DSRM03_DataScienceAndResearchProcessModels,skills_methods,define_organisational_goals
DSRM,DSRM03_DataScienceAndResearchProcessModels,skills_methods,integrate_analysis_into_organisation
DSRM,DSRM03_DataScienceAndResearchProcessModels,skills_methods,apply_data_science_process_models
DSRM,DSRM03_DataScienceAndResearchProcessModels,skills_methods,implement_data_lifecycle_support
DSRM,DSRM03_DataScienceAndResearchProcessModels,skills_methods,use_research_method_principles
DSRM,DSRM03_DataScienceAndResearchProcessModels,skills_methods,apply_data_lifecycle_management_model
DSRM,DSRM03_DataScienceAndResearchProcessModels,skills_methods,apply_research_use_case_analysis
DSRM,DSRM03_DataScienceAndResearchProcessModels,skills_methods,identify_research_problems
DSRM,DSRM03_DataScienceAndResearchProcessModels,skills_methods,formulate_hypothesis
DSRM,DSRM03_DataScienceAndResearchProcessModels,skills_tools,data_lifecycle_management_tools
DSRM,DSRM03_DataScienceAndResearchProcessModels,skills_tools,documentation_tools
DSRM,DSRM04_InvestigationAndExperimentation,knowledge,research_methods
DSRM,DSRM04_InvestigationAndExperimentation,knowledge,experiment_design_modelling_planning
DSRM,DSRM04_InvestigationAndExperimentation,knowledge,research_data_management
DSRM,DSRM04_InvestigationAndExperimentation,knowledge,project_management
DSRM,DSRM04_InvestigationAndExperimentation,knowledge,documentation
DSRM,DSRM04_InvestigationAndExperimentation,knowledge,experimental_reproducibility
DSRM,DSRM04_InvestigationAndExperimentation,skills_methods,use_research_method_principles
DSRM,DSRM04_InvestigationAndExperimentation,skills_methods,design_research_experiment
DSRM,DSRM04_InvestigationAndExperimentation,skills_methods,apply_data_lifecycle_management_model
DSRM,DSRM04_InvestigationAndExperimentation,skills_methods,develop_data_management_plan
DSRM,DSRM04_InvestigationAndExperimentation,skills_methods,apply_project_management_workflow
DSRM,DSRM04_InvestigationAndExperimentation,skills_methods,deliver_reproducible_results
DSRM,DSRM04_InvestigationAndExperimentation,skills_methods,interpret_insights
DSRM,DSRM04_InvestigationAndExperimentation,skills_methods,contribute_to_development
DSRM,DSRM04_InvestigationAndExperimentation,skills_tools,fair_data_management_tools
DSRM,DSRM04_InvestigationAndExperimentation,skills_tools,competition_and_community_platforms
DSRM,DSRM04_InvestigationAndExperimentation,skills_tools,documentation_tools
DSRM,DSRM05_DataDrivenProjects,knowledge,business_use_case_analysis
DSRM,DSRM05_DataDrivenProjects,knowledge,risk_management
DSRM,DSRM05_DataDrivenProjects,knowledge,data_science_process_models
DSRM,DSRM05_DataDrivenProjects,knowledge,data_lifecycle
DSRM,DSRM05_DataDrivenProjects,knowledge,research_use_case_analysis
DSRM,DSRM05_DataDrivenProjects,knowledge,project_management
DSRM,DSRM05_DataDrivenProjects,knowledge,documentation
DSRM,DSRM05_DataDrivenProjects,skills_methods,apply_business_use_case_analysis
DSRM,DSRM05_DataDrivenProjects,skills_methods,collaborate_with_stakeholders
DSRM,DSRM05_DataDrivenProjects,skills_methods,define_organisational_goals
DSRM,DSRM05_DataDrivenProjects,skills_methods,apply_data_science_process_models
DSRM,DSRM05_DataDrivenProjects,skills_methods,implement_data_lifecycle_support
DSRM,DSRM05_DataDrivenProjects,skills_methods,apply_data_lifecycle_management_model
DSRM,DSRM05_DataDrivenProjects,skills_methods,apply_research_use_case_analysis
DSRM,DSRM05_DataDrivenProjects,skills_methods,apply_project_management_workflow
DSRM,DSRM05_DataDrivenProjects,skills_methods,interpret_insights
DSRM,DSRM05_DataDrivenProjects,skills_tools,data_lifecycle_management_tools
DSRM,DSRM05_DataDrivenProjects,skills_tools,project_management_platforms
DSRM,DSRM05_DataDrivenProjects,skills_tools,presentation_tools
DSRM,DSRM05_DataDrivenProjects,skills_tools,documentation_tools
DSBA,DSBA01_InformationNeeds,knowledge,business_process_management
DSBA,DSBA01_InformationNeeds,knowledge,agile_data_driven_methodologies
DSBA,DSBA01_InformationNeeds,knowledge,customer_relationship_management
DSBA,DSBA01_InformationNeeds,knowledge,business_use_case_analysis
DSBA,DSBA01_InformationNeeds,skills_methods,develop_crm_ux_requirements
DSBA,DSBA01_InformationNeeds,skills_methods,apply_business_use_case_analysis
DSBA,DSBA01_InformationNeeds,skills_methods,use_data_warehouse_technologies
DSBA,DSBA01_InformationNeeds,skills_methods,collaborate_with_stakeholders
DSBA,DSBA01_InformationNeeds,skills_methods,integrate_data_analysis_into_organisation
DSBA,DSBA01_InformationNeeds,skills_methods,identify_new_data_sources
DSBA,DSBA01_InformationNeeds,skills_methods,analyse_modern_data_sources
DSBA,DSBA01_InformationNeeds,skills_methods,integrate_data_from_multiple_sources
DSBA,DSBA01_InformationNeeds,skills_tools,relational_databases
DSBA,DSBA01_InformationNeeds,skills_tools,warehouse_mdm_cep_tools
DSBA,DSBA01_InformationNeeds,skills_tools,nosql_databases
DSBA,DSBA01_InformationNeeds,skills_tools,data_warehouse_platforms
DSBA,DSBA01_InformationNeeds,skills_tools,backup_and_storage_systems
DSBA,DSBA01_InformationNeeds,skills_tools,fair_data_management_tools
DSBA,DSBA01_InformationNeeds,skills_tools,data_archive_software
DSBA,DSBA01_InformationNeeds,skills_tools,web_api_access_tools
DSBA,DSBA01_InformationNeeds,skills_tools,web_data_collection_tools
DSBA,DSBA01_InformationNeeds,skills_tools,other_data_collection_tools
DSBA,DSBA02_FuzzyConcepts,knowledge,business_process_management
DSBA,DSBA02_FuzzyConcepts,knowledge,econometrics
DSBA,DSBA02_FuzzyConcepts,knowledge,business_use_case_analysis
DSBA,DSBA02_FuzzyConcepts,knowledge,risk_management
DSBA,DSBA02_FuzzyConcepts,knowledge,key_performance_indicators
DSBA,DSBA02_FuzzyConcepts,skills_methods,business_process_optimization
DSBA,DSBA02_FuzzyConcepts,skills_methods,use_econometrics_for_analysis
DSBA,DSBA02_FuzzyConcepts,skills_methods,apply_business_use_case_analysis
DSBA,DSBA02_FuzzyConcepts,skills_methods,mechanism_design_or_lda
DSBA,DSBA02_FuzzyConcepts,skills_methods,measure_kpis
DSBA,DSBA02_FuzzyConcepts,skills_methods,interpret_insights
DSBA,DSBA02_FuzzyConcepts,skills_methods,identify_research_problems
DSBA,DSBA03_BusinessAnalyticsAndBI,knowledge,business_analytics_and_bi
DSBA,DSBA03_BusinessAnalyticsAndBI,knowledge,business_process_management
DSBA,DSBA03_BusinessAnalyticsAndBI,knowledge,econometrics
DSBA,DSBA03_BusinessAnalyticsAndBI,knowledge,business_use_case_analysis
DSBA,DSBA03_BusinessAnalyticsAndBI,knowledge,data_warehouse_technologies
DSBA,DSBA03_BusinessAnalyticsAndBI,knowledge,key_performance_indicators
DSBA,DSBA03_BusinessAnalyticsAndBI,skills_methods,use_ba_bi
DSBA,DSBA03_BusinessAnalyticsAndBI,skills_methods,business_process_optimization
DSBA,DSBA03_BusinessAnalyticsAndBI,skills_methods,use_econometrics_for_analysis
DSBA,DSBA03_BusinessAnalyticsAndBI,skills_methods,apply_business_use_case_analysis
DSBA,DSBA03_BusinessAnalyticsAndBI,skills_methods,use_data_warehouse_technologies
DSBA,DSBA03_BusinessAnalyticsAndBI,skills_methods,mechanism_design_or_lda
DSBA,DSBA03_BusinessAnalyticsAndBI,skills_methods,measure_kpis
DSBA,DSBA03_BusinessAnalyticsAndBI,skills_methods,integrate_data_analysis_into_organisation
DSBA,DSBA03_BusinessAnalyticsAndBI,skills_tools,data_warehouse_platforms
DSBA,DSBA03_BusinessAnalyticsAndBI,skills_tools,data_archive_software
DSBA,DSBA03_BusinessAnalyticsAndBI,skills_tools,bi_tools
DSBA,DSBA03_BusinessAnalyticsAndBI,skills_tools,analytics_tools
DSBA,DSBA04_ProcessOptimization,knowledge,business_analytics_and_bi
DSBA,DSBA04_ProcessOptimization,knowledge,business_process_management
DSBA,DSBA04_ProcessOptimization,knowledge,agile_data_driven_methodologies
DSBA,DSBA04_ProcessOptimization,knowledge,econometrics
DSBA,DSBA04_ProcessOptimization,knowledge,business_use_case_analysis
DSBA,DSBA04_ProcessOptimization,knowledge,data_warehouse_technologies
DSBA,DSBA04_ProcessOptimization,knowledge,key_performance_indicators
DSBA,DSBA04_ProcessOptimization,skills_methods,use_ba_bi
DSBA,DSBA04_ProcessOptimization,skills_methods,business_process_optimization
DSBA,DSBA04_ProcessOptimization,skills_methods,apply_agile_data_driven_methodologies
DSBA,DSBA04_ProcessOptimization,skills_methods,use_econometrics_for_analysis
DSBA,DSBA04_ProcessOptimization,skills_methods,apply_business_use_case_analysis
DSBA,DSBA04_ProcessOptimization,skills_methods,use_data_warehouse_technologies
DSBA,DSBA04_ProcessOptimization,skills_methods,mechanism_design_or_lda
DSBA,DSBA04_ProcessOptimization,skills_methods,collaborate_with_stakeholders
DSBA,DSBA04_ProcessOptimization,skills_methods,measure_kpis
DSBA,DSBA04_ProcessOptimization,skills_tools,data_warehouse_platforms
DSBA,DSBA04_ProcessOptimization,skills_tools,data_archive_software
DSBA,DSBA04_ProcessOptimization,skills_tools,bi_tools
DSBA,DSBA05_CustomerRelationshipManagement,knowledge,econometrics
DSBA,DSBA05_CustomerRelationshipManagement,knowledge,customer_relationship_management
DSBA,DSBA05_CustomerRelationshipManagement,knowledge,data_driven_marketing
DSBA,DSBA05_CustomerRelationshipManagement,skills_methods,use_econometrics_for_analysis
DSBA,DSBA05_CustomerRelationshipManagement,skills_methods,develop_crm_ux_requirements
DSBA,DSBA05_CustomerRelationshipManagement,skills_methods,use_data_driven_marketing_technologies
DSBA,DSBA05_CustomerRelationshipManagement,skills_methods,mechanism_design_or_lda
DSBA,DSBA05_CustomerRelationshipManagement,skills_methods,collaborate_with_stakeholders
DSBA,DSBA05_CustomerRelationshipManagement,skills_tools,crm_tools
DSBA,DSBA06_DataDrivenMarketing,knowledge,business_analytics_and_bi
DSBA,DSBA06_DataDrivenMarketing,knowledge,customer_relationship_management
DSBA,DSBA06_DataDrivenMarketing,knowledge,data_driven_marketing
DSBA,DSBA06_DataDrivenMarketing,knowledge,risk_management
DSBA,DSBA06_DataDrivenMarketing,skills_methods,use_ba_bi
DSBA,DSBA06_DataDrivenMarketing,skills_methods,develop_crm_ux_requirements
DSBA,DSBA06_DataDrivenMarketing,skills_methods,use_data_driven_marketing_technologies
DSBA,DSBA06_DataDrivenMarketing,skills_methods,collaborate_with_stakeholders
DSBA,DSBA06_DataDrivenMarketing,skills_methods,measure_kpis
DSBA,DSBA06_DataDrivenMarketing,skills_methods,integrate_data_analysis_into_organisation
DSBA,DSBA06_DataDrivenMarketing,skills_tools,crm_tools
DSBA,DSBA06_DataDrivenMarketing,skills_tools,bi_tools
DSBA,DSBA06_DataDrivenMarketing,skills_tools,analytics_tools
DSBA,DSBA07_BusinessAndOrganization,knowledge,business_process_management
DSBA,DSBA07_BusinessAndOrganization,knowledge,agile_data_driven_methodologies
DSBA,DSBA07_BusinessAndOrganization,knowledge,business_use_case_analysis
DSBA,DSBA07_BusinessAndOrganization,knowledge,risk_management
DSBA,DSBA07_BusinessAndOrganization,knowledge,data_science_process_models
DSBA,DSBA07_BusinessAndOrganization,knowledge,organisational_workflow
DSBA,DSBA07_BusinessAndOrganization,knowledge,data_lifecycle
DSBA,DSBA07_BusinessAndOrganization,skills_methods,apply_agile_data_driven_methodologies
DSBA,DSBA07_BusinessAndOrganization,skills_methods,apply_business_use_case_analysis
DSBA,DSBA07_BusinessAndOrganization,skills_methods,collaborate_with_stakeholders
DSBA,DSBA07_BusinessAndOrganization,skills_methods,integrate_data_analysis_into_organisation
DSBA,DSBA07_BusinessAndOrganization,skills_methods,apply_data_science_process_models
DSBA,DSBA07_BusinessAndOrganization,skills_methods,implement_data_lifecycle_support
DSBA,DSBA07_BusinessAndOrganization,skills_methods,apply_data_lifecycle_management_model
DSBA,DSBA07_BusinessAndOrganization,skills_methods,apply_research_use_case_analysis
DSBA,DSBA07_BusinessAndOrganization,skills_tools,data_lifecycle_management_tools
DSBA,DSBA08_DomainKnowledge,knowledge,domain_knowledge
DSBA,DSBA08_DomainKnowledge,skills_methods,apply_domain_knowledge
DSTF,DSTF01_AlgorithmsAndDataStructures,knowledge,data_formats_and_structures
DSTF,DSTF01_AlgorithmsAndDataStructures,knowledge,algorithms_and_data_structures
DSTF,DSTF01_AlgorithmsAndDataStructures,skills_methods,design_efficient_algorithms_for_data_analysis
DSTF,DSTF01_AlgorithmsAndDataStructures,skills_methods,solve_development_issues
DSTF,DSTF02_Mathematics,knowledge,mathematics
DSTF,DSTF03_ComputerScienceBasics,knowledge,systems_engineering_principles
DSTF,DSTF03_ComputerScienceBasics,knowledge,operating_systems
DSTF,DSTF03_ComputerScienceBasics,knowledge,computational_theory
DSTF,DSTF03_ComputerScienceBasics,skills_methods,use_systems_engineering_principles
DSTF,DSTF04_Complexity,knowledge,programming_fundamentals
DSTF,DSTF04_Complexity,knowledge,computational_theory
DSTF,DSTF04_Complexity,knowledge,programming_paradigms_and_design_patterns
DSTF,DSTF04_Complexity,knowledge,time_and_space_complexity
DSAD,DSAD01_Programming,knowledge,programming_fundamentals
DSAD,DSAD01_Programming,knowledge,user_interface_design_dashboards
DSAD,DSAD01_Programming,knowledge,development_issues
DSAD,DSAD01_Programming,knowledge,mathematics
DSAD,DSAD01_Programming,knowledge,algorithms_and_data_structures
DSAD,DSAD01_Programming,knowledge,programming_paradigms_and_design_patterns
DSAD,DSAD01_Programming,skills_methods,design_efficient_algorithms_for_data_analysis
DSAD,DSAD01_Programming,skills_methods,use_programming_languages_for_applications
DSAD,DSAD01_Programming,skills_methods,work_with_modern_development_environments
DSAD,DSAD01_Programming,skills_methods,solve_development_issues
DSAD,DSAD01_Programming,skills_methods,identify_development_issues
DSAD,DSAD01_Programming,skills_tools,data_analytics_programming_languages_and_libraries
DSAD,DSAD01_Programming,skills_tools,scripting_languages
DSAD,DSAD01_Programming,skills_tools,high_performance_programming_languages
DSAD,DSAD01_Programming,skills_tools,programming_languages
DSAD,DSAD01_Programming,skills_tools,integrated_development_environments
DSAD,DSAD02_LibrariesAndTools,knowledge,programming_fundamentals
DSAD,DSAD02_LibrariesAndTools,knowledge,programming_paradigms_and_design_patterns
DSAD,DSAD02_LibrariesAndTools,skills_methods,design_efficient_algorithms_for_data_analysis
DSAD,DSAD02_LibrariesAndTools,skills_methods,use_programming_libraries
DSAD,DSAD02_LibrariesAndTools,skills_methods,work_with_modern_development_environments
DSAD,DSAD02_LibrariesAndTools,skills_tools,programming_languages
DSAD,DSAD02_LibrariesAndTools,skills_tools,programming_frameworks
DSAD,DSAD02_LibrariesAndTools,skills_tools,integrated_development_environments
DSAD,DSAD02_LibrariesAndTools,skills_tools,programming_libraries
DSAD,DSAD03_SoftwareEngineering,knowledge,software_engineering_principles
DSAD,DSAD03_SoftwareEngineering,knowledge,software_requirements
DSAD,DSAD03_SoftwareEngineering,knowledge,software_modelling
DSAD,DSAD03_SoftwareEngineering,knowledge,project_management
DSAD,DSAD03_SoftwareEngineering,knowledge,documentation
DSAD,DSAD03_SoftwareEngineering,knowledge,programming_paradigms_and_design_patterns
DSAD,DSAD03_SoftwareEngineering,skills_methods,use_agile_development_technologies
DSAD,DSAD03_SoftwareEngineering,skills_methods,collaborate_with_stakeholders
DSAD,DSAD03_SoftwareEngineering,skills_methods,apply_research_use_case_analysis
DSAD,DSAD03_SoftwareEngineering,skills_methods,apply_project_management_workflow
DSAD,DSAD03_SoftwareEngineering,skills_tools,project_management_platforms
DSAD,DSAD03_SoftwareEngineering,skills_tools,software_modelling_tools
DSAD,DSAD03_SoftwareEngineering,skills_tools,documentation_tools
DSAD,DSAD04_DevelopmentPipelines,knowledge,version_control_systems
DSAD,DSAD04_DevelopmentPipelines,knowledge,development_pipelines_devops
DSAD,DSAD04_DevelopmentPipelines,skills_methods,apply_version_control_mechanisms
DSAD,DSAD04_DevelopmentPipelines,skills_methods,implement_devops_solutions
DSAD,DSAD04_DevelopmentPipelines,skills_tools,version_control_platforms
DSAD,DSAD04_DevelopmentPipelines,skills_tools,devops_platforms
DSAD,DSAD04_DevelopmentPipelines,skills_tools,containerization_and_orchestration_tools
DSPC,DSPC01_Leadership,personal_skills,prioritizing_tasks
DSPC,DSPC01_Leadership,personal_skills,data_driven_decision_making
DSPC,DSPC01_Leadership,personal_skills,metrics_and_validation_acumen
DSPC,DSPC01_Leadership,personal_skills,agile_workflow
DSPC,DSPC01_Leadership,personal_skills,cross_functional_communication
DSPC,DSPC01_Leadership,personal_skills,effective_communication
DSPC,DSPC01_Leadership,personal_skills,planning_and_organizing
DSPC,DSPC01_Leadership,personal_skills,business_fundamentals
DSPC,DSPC01_Leadership,personal_skills,customer_focus
DSPC,DSPC01_Leadership,personal_skills,professional_networking
DSPC,DSPC02_WorkplaceCompetencies,personal_skills,prioritizing_tasks
DSPC,DSPC02_WorkplaceCompetencies,personal_skills,data_value_recognition
DSPC,DSPC02_WorkplaceCompetencies,personal_skills,metrics_and_validation_acumen
DSPC,DSPC02_WorkplaceCompetencies,personal_skills,understand_limitations_of_technology
DSPC,DSPC02_WorkplaceCompetencies,personal_skills,statistical_solution_awareness
DSPC,DSPC02_WorkplaceCompetencies,personal_skills,analytical_storytelling
DSPC,DSPC02_WorkplaceCompetencies,personal_skills,system_and_design_thinking
DSPC,DSPC02_WorkplaceCompetencies,personal_skills,planning_and_organizing
DSPC,DSPC02_WorkplaceCompetencies,personal_skills,business_fundamentals
DSPC,DSPC02_WorkplaceCompetencies,personal_skills,customer_focus
DSPC,DSPC02_WorkplaceCompetencies,personal_skills,working_with_tools_and_technology
DSPC,DSPC03_Communication,personal_skills,ask_the_right_questions
DSPC,DSPC03_Communication,personal_skills,cross_functional_communication
DSPC,DSPC03_Communication,personal_skills,analytical_storytelling
DSPC,DSPC03_Communication,personal_skills,effective_communication
DSPC,DSPC03_Communication,personal_skills,collaboration
DSPC,DSPC04_PersonalImprovement,personal_skills,iterative_development
DSPC,DSPC04_PersonalImprovement,personal_skills,understand_limitations_of_technology
DSPC,DSPC04_PersonalImprovement,personal_skills,life_long_learning
DSPC,DSPC04_PersonalImprovement,personal_skills,creative_and_curious_attitude
DSPC,DSPC04_PersonalImprovement,personal_skills,critical_thinking_and_problem_solving
DSPC,DSPC04_PersonalImprovement,personal_skills,system_and_design_thinking
DSPC,DSPC04_PersonalImprovement,personal_skills,creativity_and_attitude
DSPC,DSPC04_PersonalImprovement,personal_skills,life_long_learning
DSPC,DSPC05_Teamwork,personal_skills,ask_the_right_questions
DSPC,DSPC05_Teamwork,personal_skills,agile_workflow
DSPC,DSPC05_Teamwork,personal_skills,cross_functional_communication
DSPC,DSPC05_Teamwork,personal_skills,effective_communication
DSPC,DSPC05_Teamwork,personal_skills,collaboration
DSPC,DSPC05_Teamwork,personal_skills,planning_and_organizing
DSPC,DSPC06_ProblemSolving,personal_skills,ask_the_right_questions
DSPC,DSPC06_ProblemSolving,personal_skills,data_driven_decision_making
DSPC,DSPC06_ProblemSolving,personal_skills,metrics_and_validation_acumen
DSPC,DSPC06_ProblemSolving,personal_skills,understand_limitations_of_technology
DSPC,DSPC06_ProblemSolving,personal_skills,creative_and_curious_attitude
DSPC,DSPC06_ProblemSolving,personal_skills,critical_thinking_and_problem_solving
DSPC,DSPC06_ProblemSolving,personal_skills,system_and_design_thinking
DSPC,DSPC06_ProblemSolving,personal_skills,customer_focus
DSPC,DSPC06_ProblemSolving,personal_skills,working_with_tools_and_technology
DSPC,DSPC07_EthicalThinking,personal_skills,ethical_data_use
DSPC,DSPC07_EthicalThinking,personal_skills,ethics
